class,filename,filepath,width,height,aspect_ratio,mode,format,size_kb,corrupt,hash,brightness,contrast
Cracks,1.jpg,..\data\Surface Crack Detection\Cracks\Cracks\1.jpg,1289,1744,0.739,RGB,JPEG,818.5,False,9de46a62afd4a00d7e72d55af50516d4,162.17188,14.681618
Cracks,10.jpg,..\data\Surface Crack Detection\Cracks\Cracks\10.jpg,1053,1287,0.818,RGB,JPEG,452.1,False,4eb772e6e2af25704c44ec5bfae578af,158.55383,30.442617
Cracks,100.jpg,..\data\Surface Crack Detection\Cracks\Cracks\100.jpg,1711,1429,1.197,RGB,JPEG,620.0,False,bec4c1456f6ba14aa0cc8353d3c36aa3,158.2486,10.34214
Cracks,102.jpg,..\data\Surface Crack Detection\Cracks\Cracks\102.jpg,1831,1551,1.181,RGB,JPEG,767.6,False,d6590026edf56167d23759dd185a83ee,165.80212,14.191802
Cracks,103.jpg,..\data\Surface Crack Detection\Cracks\Cracks\103.jpg,2372,1504,1.577,RGB,JPEG,1227.7,False,810a5bfd4efde3436a9179ecdb3eb08e,157.44,11.74293
Cracks,106.jpg,..\data\Surface Crack Detection\Cracks\Cracks\106.jpg,2024,1585,1.277,RGB,JPEG,827.4,False,d9312a283c8c1c17927cd4d26f1639d8,155.97357,12.011463
Cracks,109.jpg,..\data\Surface Crack Detection\Cracks\Cracks\109.jpg,2088,1265,1.651,RGB,JPEG,702.2,False,95fdc8b6705a3355cfeafe66f51a0dd4,179.2594,18.997667
Cracks,11.jpg,..\data\Surface Crack Detection\Cracks\Cracks\11.jpg,835,1005,0.831,RGB,JPEG,409.9,False,09bfb5f54e15eabb1b7db81e7e384e3c,144.28064,25.188215
Cracks,110.jpg,..\data\Surface Crack Detection\Cracks\Cracks\110.jpg,1272,762,1.669,RGB,JPEG,189.7,False,7a82176e050739bf5d5cda25823d1717,189.09491,18.453989
Cracks,111.jpg,..\data\Surface Crack Detection\Cracks\Cracks\111.jpg,2515,1594,1.578,RGB,JPEG,1211.8,False,1b86a7c899856267e09cb456856fdafb,173.18982,18.584599
Cracks,112.jpg,..\data\Surface Crack Detection\Cracks\Cracks\112.jpg,1576,1271,1.24,RGB,JPEG,325.1,False,75970e8020ea377fe180fabb63b54dcb,184.36584,16.97932
Cracks,113.jpg,..\data\Surface Crack Detection\Cracks\Cracks\113.jpg,2294,1542,1.488,RGB,JPEG,721.4,False,16c9d4e0c99a6fb53a98048573c84f89,165.46417,17.33456
Cracks,114.jpg,..\data\Surface Crack Detection\Cracks\Cracks\114.jpg,1919,1409,1.362,RGB,JPEG,1002.3,False,ffd00de3c218afc1c51db3c60ca68719,172.85559,16.473915
Cracks,115.jpg,..\data\Surface Crack Detection\Cracks\Cracks\115.jpg,1795,1081,1.66,RGB,JPEG,473.4,False,f104cc4ea2fcf705980e1f731a2c3f4e,165.9831,15.110103
Cracks,116.jpg,..\data\Surface Crack Detection\Cracks\Cracks\116.jpg,1966,1235,1.592,RGB,JPEG,894.4,False,7e9c3301325aaf12761db5c31478f1a7,169.32867,15.021459
Cracks,118.jpg,..\data\Surface Crack Detection\Cracks\Cracks\118.jpg,1106,911,1.214,RGB,JPEG,485.4,False,c36a89d54b63870ee64dc8e9a6a859b0,156.40076,18.740498
Cracks,12.jpg,..\data\Surface Crack Detection\Cracks\Cracks\12.jpg,604,362,1.669,RGB,JPEG,126.9,False,4769002204ba56057cb7db16a6e75a0f,148.95343,25.141773
Cracks,120.jpg,..\data\Surface Crack Detection\Cracks\Cracks\120.jpg,2063,1334,1.546,RGB,JPEG,949.0,False,f7153541296faa325a93d864f6747ae4,169.52905,17.535896
Cracks,121.jpg,..\data\Surface Crack Detection\Cracks\Cracks\121.jpg,1513,1050,1.441,RGB,JPEG,578.7,False,424ad91c1c83447847ee1d212db0afc9,153.52563,16.733236
Cracks,122.jpg,..\data\Surface Crack Detection\Cracks\Cracks\122.jpg,763,510,1.496,RGB,JPEG,202.2,False,9db00bb7fcd85ef5e08e7a39e9decbd2,153.88623,18.294413
Cracks,124.jpg,..\data\Surface Crack Detection\Cracks\Cracks\124.jpg,1277,1176,1.086,RGB,JPEG,467.4,False,988c85a176c80639e77866e3dbe897b5,176.3487,12.150352
Cracks,125.jpg,..\data\Surface Crack Detection\Cracks\Cracks\125.jpg,2010,1433,1.403,RGB,JPEG,775.1,False,da538c0e192a50f89dabcdff1dafdee0,171.48932,13.672746
Cracks,126.jpg,..\data\Surface Crack Detection\Cracks\Cracks\126.jpg,2092,1569,1.333,RGB,JPEG,1127.2,False,2f4ff550cdb0dda1de46aef4b57a510e,161.67175,11.618626
Cracks,127.jpg,..\data\Surface Crack Detection\Cracks\Cracks\127.jpg,2694,1814,1.485,RGB,JPEG,1356.4,False,2e3088170492d83c534843668383ec24,159.13348,10.475356
Cracks,128.jpg,..\data\Surface Crack Detection\Cracks\Cracks\128.jpg,2121,2070,1.025,RGB,JPEG,1111.9,False,87ef8ccc3cdf4b0cfff9a8e9b4d4dce4,162.46863,10.041734
Cracks,129.jpg,..\data\Surface Crack Detection\Cracks\Cracks\129.jpg,1585,1234,1.284,RGB,JPEG,413.5,False,05b76727e0073da7429336c61c3e53a6,176.81268,13.604109
Cracks,13.jpg,..\data\Surface Crack Detection\Cracks\Cracks\13.jpg,384,495,0.776,RGB,JPEG,114.6,False,b6065e6af3d6b0cb2d6ec91f4f6cf89e,164.23071,31.92546
Cracks,130.jpg,..\data\Surface Crack Detection\Cracks\Cracks\130.jpg,2014,1735,1.161,RGB,JPEG,1212.0,False,4518338b5a17ade326ad3f23de548490,175.11707,12.7521715
Cracks,131.jpg,..\data\Surface Crack Detection\Cracks\Cracks\131.jpg,1578,1449,1.089,RGB,JPEG,535.4,False,b1ce1750f81224be048eccd550965389,182.5824,12.723819
Cracks,132.jpg,..\data\Surface Crack Detection\Cracks\Cracks\132.jpg,2242,1564,1.434,RGB,JPEG,1068.8,False,940e4f92ea75678b8942a16440faada8,176.16919,13.885177
Cracks,134.jpg,..\data\Surface Crack Detection\Cracks\Cracks\134.jpg,1512,1357,1.114,RGB,JPEG,379.1,False,2493fbede73c61b20a923744f30c7dcf,179.50928,11.176181
Cracks,135.jpg,..\data\Surface Crack Detection\Cracks\Cracks\135.jpg,1577,1408,1.12,RGB,JPEG,725.5,False,cba6b2d4acefab021bc49938fa7aa001,175.5144,13.038304
Cracks,136.jpg,..\data\Surface Crack Detection\Cracks\Cracks\136.jpg,2060,1762,1.169,RGB,JPEG,917.1,False,ec0e161a33558ab41d1518360c1752b7,161.77869,11.228445
Cracks,138.jpg,..\data\Surface Crack Detection\Cracks\Cracks\138.jpg,1608,1119,1.437,RGB,JPEG,693.0,False,6f0c6af39e16a582f34d974a26d76e9a,163.2005,13.103689
Cracks,14.jpg,..\data\Surface Crack Detection\Cracks\Cracks\14.jpg,997,978,1.019,RGB,JPEG,443.9,False,6cd156c2ece7f2abf700e2bceae9ffd8,160.31061,24.22757
Cracks,140.jpg,..\data\Surface Crack Detection\Cracks\Cracks\140.jpg,1995,1137,1.755,RGB,JPEG,387.9,False,3bbb096d7c94aba068e364a45bc76d5b,164.14276,14.840705
Cracks,141.jpg,..\data\Surface Crack Detection\Cracks\Cracks\141.jpg,2298,2362,0.973,RGB,JPEG,1806.3,False,7ad2008e8a2a9114d24b5b91a0d650c9,163.18384,9.988324
Cracks,142.jpg,..\data\Surface Crack Detection\Cracks\Cracks\142.jpg,2541,2159,1.177,RGB,JPEG,1331.1,False,2f9f03be52701bbbaa8c5cfdf507c020,158.97766,18.688046
Cracks,143.jpg,..\data\Surface Crack Detection\Cracks\Cracks\143.jpg,1414,1364,1.037,RGB,JPEG,499.7,False,7c894b8e662f429c36c2d9759729ae55,193.21606,13.517573
Cracks,144.jpg,..\data\Surface Crack Detection\Cracks\Cracks\144.jpg,1881,1384,1.359,RGB,JPEG,705.1,False,f31396f2c8d1e70544809b852eeefdc8,168.97821,14.594476
Cracks,145.jpg,..\data\Surface Crack Detection\Cracks\Cracks\145.jpg,1902,1422,1.338,RGB,JPEG,1333.7,False,30d178d0305962627fbad1bc88fce606,156.99469,12.9616995
Cracks,15.jpg,..\data\Surface Crack Detection\Cracks\Cracks\15.jpg,1454,1231,1.181,RGB,JPEG,863.4,False,c230f0fe68885942c1b6aeae796bdbac,151.7945,21.656395
Cracks,150.jpg,..\data\Surface Crack Detection\Cracks\Cracks\150.jpg,1008,456,2.211,RGB,JPEG,152.0,False,e836fe74806c9adde39331425343499f,156.70154,25.294666
Cracks,154.jpg,..\data\Surface Crack Detection\Cracks\Cracks\154.jpg,733,487,1.505,RGB,JPEG,74.1,False,37819b59dea8355922a32b6be581f23d,153.50262,11.805228
Cracks,155.jpg,..\data\Surface Crack Detection\Cracks\Cracks\155.jpg,864,796,1.085,RGB,JPEG,139.3,False,0c51dbd9a731be787d34208e14c596e1,145.96521,12.565682
Cracks,156.jpg,..\data\Surface Crack Detection\Cracks\Cracks\156.jpg,747,485,1.54,RGB,JPEG,105.0,False,8b577636dfca38841dd56486834317a4,169.72919,15.127714
Cracks,159.jpg,..\data\Surface Crack Detection\Cracks\Cracks\159.jpg,963,503,1.915,RGB,JPEG,167.7,False,ff1846b2ad7d7a3016278f76dfde07d0,169.07227,18.18899
Cracks,16.jpg,..\data\Surface Crack Detection\Cracks\Cracks\16.jpg,1597,1213,1.317,RGB,JPEG,953.2,False,945e6da8468b90eac2706d9fb7bf633a,148.93726,23.657831
Cracks,160.jpg,..\data\Surface Crack Detection\Cracks\Cracks\160.jpg,1144,861,1.329,RGB,JPEG,167.0,False,9c64e9ac6f0b40e91d985e5745baaaf6,164.43573,12.967193
Cracks,161.jpg,..\data\Surface Crack Detection\Cracks\Cracks\161.jpg,909,671,1.355,RGB,JPEG,134.5,False,eb8d71a57c402a7a8c56ddc4fe3a1104,160.75452,17.552929
Cracks,17.jpg,..\data\Surface Crack Detection\Cracks\Cracks\17.jpg,1012,530,1.909,RGB,JPEG,275.4,False,a8fd3fdc04bf5721e4657470abb0b41e,144.6972,23.367924
Cracks,18.jpg,..\data\Surface Crack Detection\Cracks\Cracks\18.jpg,1378,1276,1.08,RGB,JPEG,616.9,False,e0c95981d63deaace2eb545c9ba7295e,158.76318,19.03199
Cracks,19.jpg,..\data\Surface Crack Detection\Cracks\Cracks\19.jpg,1465,1258,1.165,RGB,JPEG,612.5,False,93574b6ba56fd3d38f2c6b0fcf677f11,157.35834,18.173704
Cracks,2.jpg,..\data\Surface Crack Detection\Cracks\Cracks\2.jpg,1006,874,1.151,RGB,JPEG,456.5,False,ccd2836ab3a256670ba3a8c25736b6ef,164.60571,20.116268
Cracks,20.jpg,..\data\Surface Crack Detection\Cracks\Cracks\20.jpg,1046,1044,1.002,RGB,JPEG,394.3,False,441e88dd1eec48d7ba7451fa16198c80,151.203,21.85618
Cracks,21.jpg,..\data\Surface Crack Detection\Cracks\Cracks\21.jpg,876,1022,0.857,RGB,JPEG,357.4,False,e60cfde0a1298235408a801487bfb3cf,149.9273,23.027754
Cracks,27.jpg,..\data\Surface Crack Detection\Cracks\Cracks\27.jpg,2111,1703,1.24,RGB,JPEG,1484.6,False,e6ae968e2d033fef2d1f82b8494aefdd,141.64581,20.306128
Cracks,28.jpg,..\data\Surface Crack Detection\Cracks\Cracks\28.jpg,2107,1894,1.112,RGB,JPEG,1232.7,False,322d695cdcd2f3ed4a6a356316876ec1,152.35803,17.217836
Cracks,29.jpg,..\data\Surface Crack Detection\Cracks\Cracks\29.jpg,1955,1969,0.993,RGB,JPEG,1000.4,False,e9903ae2177a03101d2e2b48cc75d6e9,157.01715,14.370274
Cracks,3.jpg,..\data\Surface Crack Detection\Cracks\Cracks\3.jpg,585,511,1.145,RGB,JPEG,149.5,False,0bf7b1ea47241e7ab24e6b99368c411d,165.87793,19.753078
Cracks,30.jpg,..\data\Surface Crack Detection\Cracks\Cracks\30.jpg,1627,1793,0.907,RGB,JPEG,964.8,False,df5f5771406714a2c1491a1060288660,152.26929,16.395483
Cracks,34.jpg,..\data\Surface Crack Detection\Cracks\Cracks\34.jpg,2434,1577,1.543,RGB,JPEG,1212.7,False,7996487d8b4a26a48d6446e2b2b3fd0f,161.09076,13.61913
Cracks,36.jpg,..\data\Surface Crack Detection\Cracks\Cracks\36.jpg,1253,1359,0.922,RGB,JPEG,738.9,False,d110413260b866ede498d7a1639837e5,164.25916,17.974747
Cracks,37.jpg,..\data\Surface Crack Detection\Cracks\Cracks\37.jpg,1799,1343,1.34,RGB,JPEG,944.4,False,d11fb76877dc7c4f2c5414b28ba87e79,161.97888,16.596506
Cracks,38.jpg,..\data\Surface Crack Detection\Cracks\Cracks\38.jpg,1049,509,2.061,RGB,JPEG,258.8,False,7c3197a535f7e58b2f4ca84acfd50294,150.57599,24.405205
Cracks,39.jpg,..\data\Surface Crack Detection\Cracks\Cracks\39.jpg,1361,1161,1.172,RGB,JPEG,746.9,False,f8eb81d8983cb5356256d28c1b94c426,164.60187,17.062578
Cracks,40.jpg,..\data\Surface Crack Detection\Cracks\Cracks\40.jpg,1090,645,1.69,RGB,JPEG,358.5,False,e29c207b95359ae63765dc9afd652cdd,153.94385,24.952541
Cracks,41.jpg,..\data\Surface Crack Detection\Cracks\Cracks\41.jpg,1229,880,1.397,RGB,JPEG,306.4,False,429bab511063e272c7df241c7a1be4a3,160.69604,12.021521
Cracks,44.jpg,..\data\Surface Crack Detection\Cracks\Cracks\44.jpg,1562,1189,1.314,RGB,JPEG,576.2,False,af4e20ce89dc2fd62629a098e4a738be,169.99084,10.735867
Cracks,47.jpg,..\data\Surface Crack Detection\Cracks\Cracks\47.jpg,1382,875,1.579,RGB,JPEG,369.5,False,f6fb235b4714eb754ad0fe2e9566957b,160.1659,17.500689
Cracks,48.jpg,..\data\Surface Crack Detection\Cracks\Cracks\48.jpg,681,710,0.959,RGB,JPEG,269.4,False,7afb7e9959b877f82fc1cf9a6ee097b7,165.10974,17.712044
Cracks,5.jpg,..\data\Surface Crack Detection\Cracks\Cracks\5.jpg,1250,927,1.348,RGB,JPEG,356.6,False,b4cb4e99c649026ac32e129adf483730,160.6222,25.189648
Cracks,54.jpg,..\data\Surface Crack Detection\Cracks\Cracks\54.jpg,2042,1568,1.302,RGB,JPEG,1514.3,False,56c3b0572391e638b9c1d56457abb808,150.30963,14.242833
Cracks,55.jpg,..\data\Surface Crack Detection\Cracks\Cracks\55.jpg,1686,965,1.747,RGB,JPEG,749.0,False,e98f15aad7415ce406f08aef387896c9,158.00171,17.489191
Cracks,58.jpg,..\data\Surface Crack Detection\Cracks\Cracks\58.jpg,1354,1012,1.338,RGB,JPEG,455.7,False,76efbd5511325c28e6fe76b9b0cf4f78,173.2956,9.279479
Cracks,6.jpg,..\data\Surface Crack Detection\Cracks\Cracks\6.jpg,835,456,1.831,RGB,JPEG,111.8,False,bec915a0628b395465af0079df09c680,131.26929,12.531893
Cracks,61.jpg,..\data\Surface Crack Detection\Cracks\Cracks\61.jpg,1520,1660,0.916,RGB,JPEG,1067.4,False,448b79bb8f35f6107fc336d21f0ddb18,153.9433,14.604942
Cracks,62.jpg,..\data\Surface Crack Detection\Cracks\Cracks\62.jpg,1483,1661,0.893,RGB,JPEG,1193.5,False,0a5a8173b24e380ad16559639443b352,152.99573,15.701386
Cracks,63.jpg,..\data\Surface Crack Detection\Cracks\Cracks\63.jpg,2637,2224,1.186,RGB,JPEG,1947.8,False,cb0b75fa1f0b92cabfeb5984c56bdd97,157.36865,11.420634
Cracks,64.jpg,..\data\Surface Crack Detection\Cracks\Cracks\64.jpg,1977,1295,1.527,RGB,JPEG,805.3,False,70f5b79276eaf0e1ec57d37945b4e7e8,155.42358,13.698025
Cracks,66.jpg,..\data\Surface Crack Detection\Cracks\Cracks\66.jpg,2146,1773,1.21,RGB,JPEG,1289.4,False,162ff67ceb6ed41725ab74ba49fe9f21,156.69214,16.592327
Cracks,69.jpg,..\data\Surface Crack Detection\Cracks\Cracks\69.jpg,2365,2177,1.086,RGB,JPEG,2425.2,False,ed3f5876b6406a54a1501536f6e5e6a0,151.53394,12.143442
Cracks,71.jpg,..\data\Surface Crack Detection\Cracks\Cracks\71.jpg,2287,1722,1.328,RGB,JPEG,1845.3,False,4d80ac81acf3bfb7bd7b3f970403baa9,151.3081,12.081608
Cracks,72.jpg,..\data\Surface Crack Detection\Cracks\Cracks\72.jpg,2333,1503,1.552,RGB,JPEG,1277.4,False,d87a0fe31b17e55cebbeaa7aa16524c4,154.2846,11.70204
Cracks,77.jpg,..\data\Surface Crack Detection\Cracks\Cracks\77.jpg,2564,1547,1.657,RGB,JPEG,1242.6,False,89efb5ca9ba2935292a3e6c6b47847df,173.1347,12.617427
Cracks,78.jpg,..\data\Surface Crack Detection\Cracks\Cracks\78.jpg,2117,1635,1.295,RGB,JPEG,1225.0,False,913f6889f8848cd33b05af896b5ae01f,166.7248,11.694402
Cracks,82.jpg,..\data\Surface Crack Detection\Cracks\Cracks\82.jpg,1538,976,1.576,RGB,JPEG,691.3,False,04d44f0cf98c229dae73083691271183,158.48315,14.248057
Cracks,83.jpg,..\data\Surface Crack Detection\Cracks\Cracks\83.jpg,2665,1613,1.652,RGB,JPEG,1865.9,False,6db974eaf38999ccfb4c15dd652eceaf,166.46777,12.402222
Cracks,85.jpg,..\data\Surface Crack Detection\Cracks\Cracks\85.jpg,1946,1363,1.428,RGB,JPEG,1162.2,False,a5081781f70d5d42d55074e4976997f0,152.2774,10.569922
Cracks,86.jpg,..\data\Surface Crack Detection\Cracks\Cracks\86.jpg,2888,1870,1.544,RGB,JPEG,2374.9,False,87e4f61af5f4e63cc7ca1da2a1a8701f,165.91626,13.117541
Cracks,87.jpg,..\data\Surface Crack Detection\Cracks\Cracks\87.jpg,1475,954,1.546,RGB,JPEG,563.3,False,8ac0666ff1d7f8755b6155fc5a6436df,168.83142,11.045075
Cracks,88.jpg,..\data\Surface Crack Detection\Cracks\Cracks\88.jpg,2276,1590,1.431,RGB,JPEG,1220.4,False,827ad9efc880f10d700481590be96cdb,170.2923,12.286137
Cracks,9.jpg,..\data\Surface Crack Detection\Cracks\Cracks\9.jpg,1530,1683,0.909,RGB,JPEG,795.2,False,018a792db6ae086060a13c2043644711,145.4809,22.639193
Cracks,90.jpg,..\data\Surface Crack Detection\Cracks\Cracks\90.jpg,1649,1362,1.211,RGB,JPEG,1023.9,False,0e2f1990c10d80b704d078fc64ef995c,160.02667,12.86374
Cracks,92.jpg,..\data\Surface Crack Detection\Cracks\Cracks\92.jpg,1533,1181,1.298,RGB,JPEG,877.2,False,4991606bd1dd4832036da34f8b9449d2,153.90778,11.68238
Cracks,94.jpg,..\data\Surface Crack Detection\Cracks\Cracks\94.jpg,1606,1604,1.001,RGB,JPEG,1004.0,False,98f363c3d87aa44548d3fc6597f6b7a5,168.38617,10.63305
Cracks,95.jpg,..\data\Surface Crack Detection\Cracks\Cracks\95.jpg,2178,1474,1.478,RGB,JPEG,941.9,False,ac1f041b2f4420d2bf4a8dadb156344c,162.40381,9.612387
Cracks,97.jpg,..\data\Surface Crack Detection\Cracks\Cracks\97.jpg,931,860,1.083,RGB,JPEG,141.2,False,3d11d578a93495c3314e47ba7a03e786,188.20709,13.433276
Cracks,98.jpg,..\data\Surface Crack Detection\Cracks\Cracks\98.jpg,1220,1016,1.201,RGB,JPEG,256.5,False,7f7364005cab1212751d257358af5010,173.4386,12.551584
Cracks,99.jpg,..\data\Surface Crack Detection\Cracks\Cracks\99.jpg,1568,1365,1.149,RGB,JPEG,567.4,False,9fa9c9215957e63615bcd9469e5a6f1b,175.9422,12.841749
Patch,1.jpg,..\data\Surface Crack Detection\Patch\Patch\1.jpg,908,582,1.56,RGB,JPEG,116.3,False,725853102c18f525fa3b28e57710c092,164.90454,16.224087
Patch,10.jpg,..\data\Surface Crack Detection\Patch\Patch\10.jpg,2986,2985,1.0,RGB,JPEG,2937.7,False,8937acb080f8de4d172ad673bf2655cf,164.75531,10.445426
Patch,100.jpg,..\data\Surface Crack Detection\Patch\Patch\100.jpg,783,1057,0.741,RGB,JPEG,156.4,False,8d386023af854fad22dc2f51f3a1efe6,167.4917,14.560267
Patch,11.jpg,..\data\Surface Crack Detection\Patch\Patch\11.jpg,3152,2272,1.387,RGB,JPEG,2966.3,False,5db7e183c5d1502020c9d33b25ccd1ff,174.23016,13.0352
Patch,12.jpg,..\data\Surface Crack Detection\Patch\Patch\12.jpg,2872,3023,0.95,RGB,JPEG,2970.3,False,46cc02a74aa6dfde20329f02a6f0cd34,164.62488,11.169096
Patch,13.jpg,..\data\Surface Crack Detection\Patch\Patch\13.jpg,3014,2115,1.425,RGB,JPEG,2500.0,False,ef7c384f4e998695570af009f6a60384,164.81488,16.330778
Patch,14.jpg,..\data\Surface Crack Detection\Patch\Patch\14.jpg,2698,2507,1.076,RGB,JPEG,2307.4,False,1f49c6e73436b7ec77f611be215b80d3,155.59253,21.658005
Patch,15.jpg,..\data\Surface Crack Detection\Patch\Patch\15.jpg,2616,1190,2.198,RGB,JPEG,946.4,False,4736e9d08cb04eda81924ff91b0470cf,154.84967,28.084217
Patch,16.jpg,..\data\Surface Crack Detection\Patch\Patch\16.jpg,1947,1233,1.579,RGB,JPEG,799.3,False,f6a745f2e14ddead8b300b1e0a85cedc,151.2951,14.102314
Patch,17.jpg,..\data\Surface Crack Detection\Patch\Patch\17.jpg,2687,2973,0.904,RGB,JPEG,2967.5,False,eb93c0450cd28a5a4461db4a89612fa2,164.76324,11.9896
Patch,18.jpg,..\data\Surface Crack Detection\Patch\Patch\18.jpg,2999,2715,1.105,RGB,JPEG,3087.0,False,068230b8239275d2912b68ccfc53b662,159.52533,11.800443
Patch,19.jpg,..\data\Surface Crack Detection\Patch\Patch\19.jpg,1933,2885,0.67,RGB,JPEG,2036.7,False,41d07aa81df70ed22b6afb8c2ac74e9f,164.46979,11.355181
Patch,2.jpg,..\data\Surface Crack Detection\Patch\Patch\2.jpg,2924,1329,2.2,RGB,JPEG,1648.6,False,14ab0a0737720c6df78a8103fa8ea163,161.2602,21.332993
Patch,20.jpg,..\data\Surface Crack Detection\Patch\Patch\20.jpg,3017,2134,1.414,RGB,JPEG,2027.0,False,5e00652a22c3c0094432a79784b714ab,157.11932,9.78455
Patch,21.jpg,..\data\Surface Crack Detection\Patch\Patch\21.jpg,3548,2728,1.301,RGB,JPEG,3646.8,False,ca021c30ebe51b26655b5747a31485f7,163.87653,11.344383
Patch,22.jpg,..\data\Surface Crack Detection\Patch\Patch\22.jpg,2654,2759,0.962,RGB,JPEG,2785.2,False,af2505ccbbf4c8951b5559e17901150b,171.01434,12.8983345
Patch,23.jpg,..\data\Surface Crack Detection\Patch\Patch\23.jpg,2045,1492,1.371,RGB,JPEG,989.4,False,a0a99353e80993cbb3992f815d79e25e,160.57257,13.12006
Patch,24.jpg,..\data\Surface Crack Detection\Patch\Patch\24.jpg,3934,2382,1.652,RGB,JPEG,2657.1,False,6e189ee60631d470c04b5f4d4afa5756,162.40356,13.276528
Patch,25.jpg,..\data\Surface Crack Detection\Patch\Patch\25.jpg,2676,1563,1.712,RGB,JPEG,1264.7,False,2e94132ea5d36bb7dc66a9ba6eba27a0,166.71692,10.440356
Patch,26.jpg,..\data\Surface Crack Detection\Patch\Patch\26.jpg,2939,1769,1.661,RGB,JPEG,1493.0,False,2e5c9d55e75462876c3d9d48bfdbbf19,170.46466,11.897962
Patch,27.jpg,..\data\Surface Crack Detection\Patch\Patch\27.jpg,2959,2042,1.449,RGB,JPEG,1872.3,False,6eb9d9586934ec453651cff20f80c7bc,158.24335,12.216204
Patch,28.jpg,..\data\Surface Crack Detection\Patch\Patch\28.jpg,3040,1938,1.569,RGB,JPEG,1650.1,False,876a01f85c82201f5f1ac94c2193fd29,165.04712,11.834175
Patch,29.jpg,..\data\Surface Crack Detection\Patch\Patch\29.jpg,2114,1574,1.343,RGB,JPEG,914.6,False,375ee5c60f1716d82fd3a981de6ff951,163.50812,13.79186
Patch,3.jpg,..\data\Surface Crack Detection\Patch\Patch\3.jpg,1373,1025,1.34,RGB,JPEG,415.7,False,bf68ba56f0b50321cefa7f55071859ed,164.80725,24.632143
Patch,30.jpg,..\data\Surface Crack Detection\Patch\Patch\30.jpg,2099,1042,2.014,RGB,JPEG,651.9,False,f0473fe5860a3801e4b6ee7905be670c,166.48901,14.467295
Patch,31.jpg,..\data\Surface Crack Detection\Patch\Patch\31.jpg,2924,2920,1.001,RGB,JPEG,2479.8,False,8f4a8c413bdd09bb0e7afee5988f77b5,166.38446,9.804732
Patch,32.jpg,..\data\Surface Crack Detection\Patch\Patch\32.jpg,2787,1491,1.869,RGB,JPEG,1255.3,False,37dc47918061b02aa9aed888974f1513,165.32916,11.088093
Patch,33.jpg,..\data\Surface Crack Detection\Patch\Patch\33.jpg,2728,1343,2.031,RGB,JPEG,1098.1,False,18c84db95e5e48ebc3ff923b385e273d,160.80609,9.783424
Patch,34.jpg,..\data\Surface Crack Detection\Patch\Patch\34.jpg,3399,1415,2.402,RGB,JPEG,1664.6,False,2732a92a183d458357984ee8294d6a6d,165.59497,9.07171
Patch,35.jpg,..\data\Surface Crack Detection\Patch\Patch\35.jpg,3110,1541,2.018,RGB,JPEG,1442.6,False,ed322cd182e46ca9456fb6d995f389e2,165.1742,8.615777
Patch,36.jpg,..\data\Surface Crack Detection\Patch\Patch\36.jpg,2502,1775,1.41,RGB,JPEG,1313.3,False,f233799885896a370f32a280f4da34f3,181.54053,9.249746
Patch,37.jpg,..\data\Surface Crack Detection\Patch\Patch\37.jpg,2964,1755,1.689,RGB,JPEG,1654.6,False,0dbe4658aeac1fd4d18e163592b6dfe9,174.49078,8.732448
Patch,38.jpg,..\data\Surface Crack Detection\Patch\Patch\38.jpg,4031,2276,1.771,RGB,JPEG,2927.9,False,10844fd987385ca7d965b9c57dbe652a,164.24402,8.273989
Patch,39.jpg,..\data\Surface Crack Detection\Patch\Patch\39.jpg,2805,1615,1.737,RGB,JPEG,1494.8,False,00986d08b2fdcd9373376aa0b4b85e4e,173.42102,8.007114
Patch,4.jpg,..\data\Surface Crack Detection\Patch\Patch\4.jpg,2363,1901,1.243,RGB,JPEG,1240.6,False,24f60ae8b65bd58d08104c10db0869d5,166.11908,13.664406
Patch,40.jpg,..\data\Surface Crack Detection\Patch\Patch\40.jpg,2416,1418,1.704,RGB,JPEG,728.2,False,d154e739bdf9da5e156178357e4b69cb,174.82068,9.08706
Patch,41.jpg,..\data\Surface Crack Detection\Patch\Patch\41.jpg,2625,1735,1.513,RGB,JPEG,1494.6,False,d505e08a4a8a04b22576adac9f033174,172.03363,8.702383
Patch,42.jpg,..\data\Surface Crack Detection\Patch\Patch\42.jpg,3037,1830,1.66,RGB,JPEG,1475.7,False,1b938ceccb6093fafe43bb77f2eeb51f,170.05304,8.42763
Patch,43.jpg,..\data\Surface Crack Detection\Patch\Patch\43.jpg,2159,2668,0.809,RGB,JPEG,1729.9,False,0bb31d86133bc6e47b85aa6da1bcbf3f,169.30396,9.552258
Patch,44.jpg,..\data\Surface Crack Detection\Patch\Patch\44.jpg,2313,2598,0.89,RGB,JPEG,2053.9,False,6e3a01f73d0a17e42cfb6b0d0c1414f6,187.97711,10.035156
Patch,45.jpg,..\data\Surface Crack Detection\Patch\Patch\45.jpg,2493,2603,0.958,RGB,JPEG,2438.1,False,7a934695d1834a2b62105c48db9adeb5,175.16266,9.2947855
Patch,46.jpg,..\data\Surface Crack Detection\Patch\Patch\46.jpg,2941,2397,1.227,RGB,JPEG,1573.4,False,962c6216c65a3ad4c96ea1cb73686533,149.97961,9.225425
Patch,47.jpg,..\data\Surface Crack Detection\Patch\Patch\47.jpg,1188,1024,1.16,RGB,JPEG,283.8,False,ac516edd5b9ff6f1d6bbab31e581045c,184.711,11.859468
Patch,48.jpg,..\data\Surface Crack Detection\Patch\Patch\48.jpg,2750,1529,1.799,RGB,JPEG,850.5,False,50ffff120131be7a82bbec88a7f9ff07,174.58765,9.780258
Patch,49.jpg,..\data\Surface Crack Detection\Patch\Patch\49.jpg,2830,1571,1.801,RGB,JPEG,1558.7,False,8d27fca27289626f43cf8b51825a90bb,174.48901,10.627613
Patch,5.jpg,..\data\Surface Crack Detection\Patch\Patch\5.jpg,2742,1343,2.042,RGB,JPEG,785.1,False,26aff7ad184a01fa04682afc84bb51bb,157.81854,11.7374735
Patch,50.jpg,..\data\Surface Crack Detection\Patch\Patch\50.jpg,2061,1312,1.571,RGB,JPEG,743.8,False,ab05f421c646566545dbd9b920277fa3,172.67462,9.194533
Patch,51.jpg,..\data\Surface Crack Detection\Patch\Patch\51.jpg,3590,1694,2.119,RGB,JPEG,1915.4,False,6a46cdf114f6bea7437afa2ccd5a4bfa,174.93579,10.286831
Patch,52.jpg,..\data\Surface Crack Detection\Patch\Patch\52.jpg,4027,1607,2.506,RGB,JPEG,1791.1,False,7f205b3746997bb4338c85213a543c64,194.17242,11.370267
Patch,53.jpg,..\data\Surface Crack Detection\Patch\Patch\53.jpg,3002,1943,1.545,RGB,JPEG,1153.7,False,42b4292f1b2a6cbaff0e61d4615ec45a,145.61139,7.925529
Patch,54.jpg,..\data\Surface Crack Detection\Patch\Patch\54.jpg,3152,2216,1.422,RGB,JPEG,2382.7,False,8f066051259291166c05398eb97b5a3e,168.39154,8.316138
Patch,55.jpg,..\data\Surface Crack Detection\Patch\Patch\55.jpg,3210,2746,1.169,RGB,JPEG,3008.8,False,4e13aa7dfe17238258a55f425b4e76a2,169.23022,8.615844
Patch,56.jpg,..\data\Surface Crack Detection\Patch\Patch\56.jpg,3073,2578,1.192,RGB,JPEG,2453.9,False,7b479fe7aab8103b47a62b954d63fa58,161.90912,8.7402
Patch,57.jpg,..\data\Surface Crack Detection\Patch\Patch\57.jpg,3522,2511,1.403,RGB,JPEG,3146.5,False,370d96a8985d8bdefe467067590ae393,161.19958,8.789036
Patch,58.jpg,..\data\Surface Crack Detection\Patch\Patch\58.jpg,1961,2112,0.929,RGB,JPEG,1596.1,False,1928e76e585381a8322a6bdc19075a66,167.15277,10.4459715
Patch,59.jpg,..\data\Surface Crack Detection\Patch\Patch\59.jpg,2224,2951,0.754,RGB,JPEG,1797.6,False,7fc8a62e167155ef46c4a34166490ed7,165.80115,9.649162
Patch,6.jpg,..\data\Surface Crack Detection\Patch\Patch\6.jpg,3858,2476,1.558,RGB,JPEG,2154.8,False,93c2ea52da56da33a4d6d573b3051843,161.55365,14.081803
Patch,60.jpg,..\data\Surface Crack Detection\Patch\Patch\60.jpg,3954,2267,1.744,RGB,JPEG,2630.2,False,a9226cc349e9caffe9d39942399661d4,163.59424,7.9775333
Patch,61.jpg,..\data\Surface Crack Detection\Patch\Patch\61.jpg,3215,1980,1.624,RGB,JPEG,2024.0,False,1ee126693481f47757e87599ca82354b,167.10016,8.582886
Patch,62.jpg,..\data\Surface Crack Detection\Patch\Patch\62.jpg,2850,1859,1.533,RGB,JPEG,1660.1,False,107f9f59e98f9723f469ad17490dcf6f,161.19647,7.8009152
Patch,63.jpg,..\data\Surface Crack Detection\Patch\Patch\63.jpg,2990,1740,1.718,RGB,JPEG,1752.6,False,a28224f8f2fad7db2e16c042ebbdf95f,169.74799,8.690269
Patch,64.jpg,..\data\Surface Crack Detection\Patch\Patch\64.jpg,2446,2178,1.123,RGB,JPEG,1881.1,False,adf64db2af0a769c8775de36a63f2ec4,158.06287,8.119858
Patch,65.jpg,..\data\Surface Crack Detection\Patch\Patch\65.jpg,3238,1355,2.39,RGB,JPEG,1284.1,False,eb6d6718e1d7ba16bb63a8f54e9cfda8,162.33044,11.386683
Patch,66.jpg,..\data\Surface Crack Detection\Patch\Patch\66.jpg,2801,1560,1.796,RGB,JPEG,1192.9,False,e67ad0ab66cf0e0cbd273a62308e6442,162.24207,9.903914
Patch,67.jpg,..\data\Surface Crack Detection\Patch\Patch\67.jpg,3665,2650,1.383,RGB,JPEG,2354.9,False,ca411768c37294b3281c09dabbc60b19,154.04169,9.709672
Patch,68.jpg,..\data\Surface Crack Detection\Patch\Patch\68.jpg,2985,3003,0.994,RGB,JPEG,2053.8,False,3a35c48cb23f86613da3a36395a67552,170.643,10.505924
Patch,69.jpg,..\data\Surface Crack Detection\Patch\Patch\69.jpg,3489,2424,1.439,RGB,JPEG,2683.7,False,5a47c7c1da6497cdd26c7e6773089992,165.92633,8.992191
Patch,7.jpg,..\data\Surface Crack Detection\Patch\Patch\7.jpg,3103,3007,1.032,RGB,JPEG,1605.9,False,d172253ab3f46f8a7e1f7f7846e36dc5,154.26233,13.6621
Patch,70.jpg,..\data\Surface Crack Detection\Patch\Patch\70.jpg,3332,2797,1.191,RGB,JPEG,2610.7,False,299c4da56dd6667e4ac50f9b7569c0b6,165.38043,12.085798
Patch,71.jpg,..\data\Surface Crack Detection\Patch\Patch\71.jpg,1353,572,2.365,RGB,JPEG,122.1,False,81400c9f00e1cff84ed018f6f4c6a699,177.06952,14.653613
Patch,72.jpg,..\data\Surface Crack Detection\Patch\Patch\72.jpg,1323,1048,1.262,RGB,JPEG,280.4,False,af38c441b8e51a7d0d0ee2eb19fe1a3d,176.28363,11.480848
Patch,73.jpg,..\data\Surface Crack Detection\Patch\Patch\73.jpg,1954,1116,1.751,RGB,JPEG,414.8,False,c05ba0c1d63689edc57575d1bd6a7afa,178.24951,12.855681
Patch,74.jpg,..\data\Surface Crack Detection\Patch\Patch\74.jpg,2063,1561,1.322,RGB,JPEG,492.9,False,0b72853a37115a169c616f90d9551abe,171.06403,10.1786175
Patch,75.jpg,..\data\Surface Crack Detection\Patch\Patch\75.jpg,1806,1489,1.213,RGB,JPEG,395.8,False,f556c7be71a2c6d4a801e3bd50171318,172.26288,9.876047
Patch,76.jpg,..\data\Surface Crack Detection\Patch\Patch\76.jpg,1703,1480,1.151,RGB,JPEG,548.4,False,a3b5a2502d5e02f0f47299d9d20d7540,169.28363,9.491461
Patch,77.jpg,..\data\Surface Crack Detection\Patch\Patch\77.jpg,1912,1092,1.751,RGB,JPEG,494.8,False,08beccac727b96adff553dc5eee57383,151.37994,21.503988
Patch,78.jpg,..\data\Surface Crack Detection\Patch\Patch\78.jpg,2088,1242,1.681,RGB,JPEG,588.9,False,c8a6d3e3ef58b71f560f4731c808371e,156.26471,22.291414
Patch,79.jpg,..\data\Surface Crack Detection\Patch\Patch\79.jpg,472,703,0.671,RGB,JPEG,79.5,False,fe680b087ac11d04100349f17fda90f4,176.66614,13.172232
Patch,8.jpg,..\data\Surface Crack Detection\Patch\Patch\8.jpg,3193,2246,1.422,RGB,JPEG,1226.1,False,42f2a7cab096ee779b136fb9e4dcbb24,152.0094,25.092003
Patch,80.jpg,..\data\Surface Crack Detection\Patch\Patch\80.jpg,568,716,0.793,RGB,JPEG,86.9,False,8558c40a93fa04ce90559bd9fed67b83,181.79144,11.440547
Patch,81.jpg,..\data\Surface Crack Detection\Patch\Patch\81.jpg,1126,736,1.53,RGB,JPEG,169.8,False,9d618c3f1d93bb7bfaba1e237a724e1d,161.88275,12.808396
Patch,82.jpg,..\data\Surface Crack Detection\Patch\Patch\82.jpg,603,520,1.16,RGB,JPEG,73.6,False,c7239261995cff76e944d67d7e331aed,166.96594,13.791427
Patch,83.jpg,..\data\Surface Crack Detection\Patch\Patch\83.jpg,942,560,1.682,RGB,JPEG,89.5,False,01adec691165998eae6084fdf0d87f28,169.15363,13.132141
Patch,84.jpg,..\data\Surface Crack Detection\Patch\Patch\84.jpg,1125,673,1.672,RGB,JPEG,140.5,False,a16c290f97c0504b6d20595d7dcb7f8a,164.5575,13.211294
Patch,85.jpg,..\data\Surface Crack Detection\Patch\Patch\85.jpg,983,881,1.116,RGB,JPEG,173.7,False,dc7fba8896cd480cbef50b92e47e61b5,178.28082,13.891361
Patch,86.jpg,..\data\Surface Crack Detection\Patch\Patch\86.jpg,558,342,1.632,RGB,JPEG,39.5,False,0fb9a3d1cf4582a916d0e7dd5fb942b8,179.36993,10.132571
Patch,87.jpg,..\data\Surface Crack Detection\Patch\Patch\87.jpg,1332,744,1.79,RGB,JPEG,134.0,False,db6aee9a7a4d0e542c2202015c3dd6ec,159.65845,14.343143
Patch,88.jpg,..\data\Surface Crack Detection\Patch\Patch\88.jpg,1166,582,2.003,RGB,JPEG,119.0,False,0d9510114e7df7331be241f07605d618,168.83582,16.026512
Patch,89.jpg,..\data\Surface Crack Detection\Patch\Patch\89.jpg,673,488,1.379,RGB,JPEG,81.1,False,b27cc744cc0d4817fb9d656f81798b71,168.6466,11.205668
Patch,9.jpg,..\data\Surface Crack Detection\Patch\Patch\9.jpg,3022,3191,0.947,RGB,JPEG,2700.6,False,1cd1ee985f8c63b5d4e25106838e7b3d,157.50488,20.910236
Patch,90.jpg,..\data\Surface Crack Detection\Patch\Patch\90.jpg,644,392,1.643,RGB,JPEG,57.9,False,c02bd8d49ec1e22e5463155c3a206ded,177.56049,11.745314
Patch,91.jpg,..\data\Surface Crack Detection\Patch\Patch\91.jpg,1158,732,1.582,RGB,JPEG,131.4,False,e1a30a781424ae9a5bd496204bea1e07,171.92426,8.88229
Patch,92.jpg,..\data\Surface Crack Detection\Patch\Patch\92.jpg,1230,852,1.444,RGB,JPEG,172.3,False,27a73ddb18ea0110b56439d322b11b4d,169.91254,12.711857
Patch,93.jpg,..\data\Surface Crack Detection\Patch\Patch\93.jpg,760,938,0.81,RGB,JPEG,148.8,False,7eae38a15125736d03067112542f1d6a,167.3515,16.404142
Patch,94.jpg,..\data\Surface Crack Detection\Patch\Patch\94.jpg,1182,519,2.277,RGB,JPEG,158.5,False,dec296cd279c948639d452ec6b9fd6f5,130.01031,17.504988
Patch,95.jpg,..\data\Surface Crack Detection\Patch\Patch\95.jpg,1186,595,1.993,RGB,JPEG,139.0,False,8ab0ef1be9debc6c020db36683adc3f3,139.70331,8.345266
Patch,96.jpg,..\data\Surface Crack Detection\Patch\Patch\96.jpg,600,230,2.609,RGB,JPEG,34.1,False,d73482deb75686e8384af1aaf46c04ff,139.19287,7.6335063
Patch,97.jpg,..\data\Surface Crack Detection\Patch\Patch\97.jpg,1012,572,1.769,RGB,JPEG,125.1,False,9091b9b1ee136804d8a410ba6de339de,136.11346,8.851193
Patch,98.jpg,..\data\Surface Crack Detection\Patch\Patch\98.jpg,619,425,1.456,RGB,JPEG,71.7,False,434bdd1d49fdb1e4c5129a5d6bf31081,150.84003,18.00823
Patch,99.jpg,..\data\Surface Crack Detection\Patch\Patch\99.jpg,1192,1063,1.121,RGB,JPEG,252.8,False,0d45aad69aad77305fa4904ad186f57a,165.83179,13.850328
Potholes,1.jpg,..\data\Surface Crack Detection\Potholes\Potholes\1.jpg,2383,996,2.393,RGB,JPEG,858.3,False,4823be0812b17dba0148910babe2ab99,168.02167,16.365856
Potholes,10.jpg,..\data\Surface Crack Detection\Potholes\Potholes\10.jpg,1908,1474,1.294,RGB,JPEG,1328.5,False,7a336793628ac13830ef7a86ea18a19a,161.10492,29.13712
Potholes,100.jpg,..\data\Surface Crack Detection\Potholes\Potholes\100.jpg,805,672,1.198,RGB,JPEG,157.1,False,5e47ddb19a24a94bac90c054c4e5fc0f,151.6654,16.695566
Potholes,11.jpg,..\data\Surface Crack Detection\Potholes\Potholes\11.jpg,2892,1114,2.596,RGB,JPEG,1532.2,False,6f171e103bfea5dea9aad77f2ee7e359,165.82391,28.957708
Potholes,12.jpg,..\data\Surface Crack Detection\Potholes\Potholes\12.jpg,969,785,1.234,RGB,JPEG,334.0,False,42d70d9ac95e0c7914d008d28ff26e24,142.76776,22.510717
Potholes,13.jpg,..\data\Surface Crack Detection\Potholes\Potholes\13.jpg,2334,1974,1.182,RGB,JPEG,1987.8,False,a244a44ac00c6feb2193184c3911345b,137.95782,24.701483
Potholes,14.jpg,..\data\Surface Crack Detection\Potholes\Potholes\14.jpg,1792,1200,1.493,RGB,JPEG,926.9,False,181723634c4ed32c754a75ed70e5b8ba,156.87305,20.48418
Potholes,15.jpg,..\data\Surface Crack Detection\Potholes\Potholes\15.jpg,2122,1271,1.67,RGB,JPEG,931.1,False,2287a3c9ba746d1c33c4be460fb3d686,150.65881,20.108599
Potholes,16.jpg,..\data\Surface Crack Detection\Potholes\Potholes\16.jpg,2447,1207,2.027,RGB,JPEG,1027.8,False,7174e292bdec15ef2cd47d771ea5ebe3,151.51947,21.021751
Potholes,17.jpg,..\data\Surface Crack Detection\Potholes\Potholes\17.jpg,2167,1319,1.643,RGB,JPEG,1034.5,False,01001621ed1e37790b779838c78c82d9,157.14752,25.44672
Potholes,18.jpg,..\data\Surface Crack Detection\Potholes\Potholes\18.jpg,1813,1271,1.426,RGB,JPEG,903.4,False,12d6d6b53a0914334841e5cec1345f3d,153.10223,24.271019
Potholes,19.jpg,..\data\Surface Crack Detection\Potholes\Potholes\19.jpg,1459,1133,1.288,RGB,JPEG,654.1,False,da1ee49c2108f676816a78c573dab45b,152.044,20.26727
Potholes,2.jpg,..\data\Surface Crack Detection\Potholes\Potholes\2.jpg,1752,859,2.04,RGB,JPEG,330.3,False,552781921398180dc2f29f56984d6e6c,169.92896,19.110807
Potholes,20.jpg,..\data\Surface Crack Detection\Potholes\Potholes\20.jpg,2344,1393,1.683,RGB,JPEG,1388.4,False,aa4af77708279093de4be75f62b34a49,145.19421,22.49402
Potholes,21.jpg,..\data\Surface Crack Detection\Potholes\Potholes\21.jpg,1723,937,1.839,RGB,JPEG,709.7,False,4a073296955190c3b7c4e6e30c65004b,145.38007,26.76716
Potholes,22.jpg,..\data\Surface Crack Detection\Potholes\Potholes\22.jpg,1008,1098,0.918,RGB,JPEG,399.0,False,49b7373242c7fe8aa4c3758fc868a009,135.75092,24.123497
Potholes,23.jpg,..\data\Surface Crack Detection\Potholes\Potholes\23.jpg,1637,1140,1.436,RGB,JPEG,721.7,False,f7f04aa4a986fea35c91b02eeea68d9f,157.78198,19.991901
Potholes,24.jpg,..\data\Surface Crack Detection\Potholes\Potholes\24.jpg,1419,855,1.66,RGB,JPEG,476.6,False,9f742c6300462797f90429fb258364e6,162.75854,17.921326
Potholes,25.jpg,..\data\Surface Crack Detection\Potholes\Potholes\25.jpg,1697,1062,1.598,RGB,JPEG,659.6,False,faf5f8e066d0da755b547c34056c6ffb,156.099,19.671011
Potholes,26.jpg,..\data\Surface Crack Detection\Potholes\Potholes\26.jpg,1840,1912,0.962,RGB,JPEG,1049.7,False,fb7f4f15c590a788c242a59e43060785,157.48059,21.692253
Potholes,27.jpg,..\data\Surface Crack Detection\Potholes\Potholes\27.jpg,1998,1458,1.37,RGB,JPEG,1383.9,False,9ae29370d4974258966a5ec16d0fa273,152.24115,16.855509
Potholes,28.jpg,..\data\Surface Crack Detection\Potholes\Potholes\28.jpg,2525,1648,1.532,RGB,JPEG,1842.1,False,13b73296233d1ecc796e4c8bffa7b6bf,155.15979,17.201042
Potholes,29.jpg,..\data\Surface Crack Detection\Potholes\Potholes\29.jpg,1384,1752,0.79,RGB,JPEG,1047.6,False,a5b263aa77a190eaaaec0a390a09892b,150.9513,17.601858
Potholes,3.jpg,..\data\Surface Crack Detection\Potholes\Potholes\3.jpg,1037,725,1.43,RGB,JPEG,346.0,False,69e1df81f84ec6887bb7deda338c16f6,181.1441,20.1169
Potholes,30.jpg,..\data\Surface Crack Detection\Potholes\Potholes\30.jpg,1701,1701,1.0,RGB,JPEG,1192.6,False,7a68e8d35120b4495a62ac8ca205527f,148.555,16.089375
Potholes,31.jpg,..\data\Surface Crack Detection\Potholes\Potholes\31.jpg,784,833,0.941,RGB,JPEG,159.0,False,92514a5bad65d4571689b99b239395b3,166.0968,12.44201
Potholes,32.jpg,..\data\Surface Crack Detection\Potholes\Potholes\32.jpg,1195,906,1.319,RGB,JPEG,528.0,False,d18d0038e10a84be8d9fe3160d45983e,167.05109,13.663157
Potholes,33.jpg,..\data\Surface Crack Detection\Potholes\Potholes\33.jpg,1705,1174,1.452,RGB,JPEG,689.4,False,dea0a5e5aded441a68c1bc250ad8a64e,170.03271,12.187476
Potholes,34.jpg,..\data\Surface Crack Detection\Potholes\Potholes\34.jpg,1105,796,1.388,RGB,JPEG,351.8,False,91b3b19cb45c52e5b9566dfdfa253f8e,156.52124,16.285744
Potholes,35.jpg,..\data\Surface Crack Detection\Potholes\Potholes\35.jpg,1266,884,1.432,RGB,JPEG,453.6,False,9fcc121fab3b5897bbbc92cc4353c65d,158.91864,10.179536
Potholes,36.jpg,..\data\Surface Crack Detection\Potholes\Potholes\36.jpg,1815,946,1.919,RGB,JPEG,757.4,False,f538313a262799c3eaeb79901589dc80,162.29388,15.418427
Potholes,37.jpg,..\data\Surface Crack Detection\Potholes\Potholes\37.jpg,1529,978,1.563,RGB,JPEG,635.8,False,68b58965f14e896a1cc0d244ff14de91,171.83081,13.840463
Potholes,38.jpg,..\data\Surface Crack Detection\Potholes\Potholes\38.jpg,2294,1912,1.2,RGB,JPEG,1757.9,False,e5ca1f173069d745c756f8bc92633f55,160.62115,22.686287
Potholes,39.jpg,..\data\Surface Crack Detection\Potholes\Potholes\39.jpg,1734,999,1.736,RGB,JPEG,663.8,False,634119f0dd2b4c6005524aa072fefc4c,181.40283,18.068167
Potholes,4.jpg,..\data\Surface Crack Detection\Potholes\Potholes\4.jpg,1103,652,1.692,RGB,JPEG,192.7,False,3b4c2d5ca85d8181aa60314c712cd2a8,154.71698,17.255323
Potholes,40.jpg,..\data\Surface Crack Detection\Potholes\Potholes\40.jpg,1549,1181,1.312,RGB,JPEG,700.6,False,804c210fcdffb6dc9f8e5cd5bc1ad8c5,175.03857,17.909018
Potholes,41.jpg,..\data\Surface Crack Detection\Potholes\Potholes\41.jpg,2302,1964,1.172,RGB,JPEG,1950.5,False,75fbd0d36958ae1d904b74ee23cb03cc,171.78314,13.058066
Potholes,42.jpg,..\data\Surface Crack Detection\Potholes\Potholes\42.jpg,1706,1706,1.0,RGB,JPEG,1108.4,False,0e95ddfcbfc61c283a2015dcd3f175f0,155.04968,22.071424
Potholes,43.jpg,..\data\Surface Crack Detection\Potholes\Potholes\43.jpg,1022,836,1.222,RGB,JPEG,446.7,False,6b917dfb095f49dd853a047978bce9b9,169.12665,16.000397
Potholes,44.jpg,..\data\Surface Crack Detection\Potholes\Potholes\44.jpg,1951,1153,1.692,RGB,JPEG,1174.8,False,97e5e08d2af30c2348c7d989210cb9cc,160.48694,15.55083
Potholes,45.jpg,..\data\Surface Crack Detection\Potholes\Potholes\45.jpg,2092,1401,1.493,RGB,JPEG,1309.8,False,55ea3db62a90d809130a77d39240180f,150.75562,14.745012
Potholes,46.jpg,..\data\Surface Crack Detection\Potholes\Potholes\46.jpg,2140,1962,1.091,RGB,JPEG,2101.1,False,afaa2ab2e0e819cbcfbc3ec19aaade90,150.70142,15.333093
Potholes,47.jpg,..\data\Surface Crack Detection\Potholes\Potholes\47.jpg,1178,1690,0.697,RGB,JPEG,1011.6,False,6ec8dc068da0a422212af8e5c2edbe23,146.76788,19.80933
Potholes,48.jpg,..\data\Surface Crack Detection\Potholes\Potholes\48.jpg,1062,691,1.537,RGB,JPEG,173.6,False,1118e45d8be7624572bd8bdef58e54a6,157.22052,12.831627
Potholes,49.jpg,..\data\Surface Crack Detection\Potholes\Potholes\49.jpg,1526,1469,1.039,RGB,JPEG,1078.4,False,c1f35434edf7c7451d563ea419aa7864,152.16089,12.48917
Potholes,5.jpg,..\data\Surface Crack Detection\Potholes\Potholes\5.jpg,837,402,2.082,RGB,JPEG,71.1,False,82e2935dd0a29531fc8a2e6c6fb08dbe,146.33057,17.541073
Potholes,50.jpg,..\data\Surface Crack Detection\Potholes\Potholes\50.jpg,1281,1145,1.119,RGB,JPEG,287.1,False,9a375689ba207e03d52e20075e247a8a,175.2536,16.343893
Potholes,51.jpg,..\data\Surface Crack Detection\Potholes\Potholes\51.jpg,1786,1729,1.033,RGB,JPEG,874.4,False,da6324bcb080d934045908cccbac328d,139.62103,13.601332
Potholes,52.jpg,..\data\Surface Crack Detection\Potholes\Potholes\52.jpg,1857,1533,1.211,RGB,JPEG,1071.8,False,117a086e1c3633acb41765cb018901cc,160.19977,17.997608
Potholes,53.jpg,..\data\Surface Crack Detection\Potholes\Potholes\53.jpg,731,750,0.975,RGB,JPEG,106.4,False,98b3638763db669c4ffa82e380a2a450,184.20483,18.923838
Potholes,54.jpg,..\data\Surface Crack Detection\Potholes\Potholes\54.jpg,830,716,1.159,RGB,JPEG,168.6,False,0aa5cb2de755dc82283486ace93a401c,175.69226,20.557798
Potholes,55.jpg,..\data\Surface Crack Detection\Potholes\Potholes\55.jpg,1645,1697,0.969,RGB,JPEG,1009.5,False,e687d7d040a2f846c49a7beaf55dd4ad,156.4895,14.20236
Potholes,56.jpg,..\data\Surface Crack Detection\Potholes\Potholes\56.jpg,1247,1051,1.186,RGB,JPEG,290.3,False,75c31a46d3a09c39fcf90a4a45af800d,151.39368,15.28812
Potholes,57.jpg,..\data\Surface Crack Detection\Potholes\Potholes\57.jpg,1677,1555,1.078,RGB,JPEG,987.7,False,2e79139219362f4720d26da60754a975,170.18805,21.56771
Potholes,58.jpg,..\data\Surface Crack Detection\Potholes\Potholes\58.jpg,1801,2051,0.878,RGB,JPEG,1589.6,False,64cd1effb2f30bcb461a2fd77e0d42b2,160.12756,13.606467
Potholes,59.jpg,..\data\Surface Crack Detection\Potholes\Potholes\59.jpg,1141,1118,1.021,RGB,JPEG,451.4,False,662b4a00dc1dd75505f65049c087cecf,171.13617,13.644533
Potholes,6.jpg,..\data\Surface Crack Detection\Potholes\Potholes\6.jpg,1621,2145,0.756,RGB,JPEG,1199.0,False,e4d32489502304777437176100edba7d,162.44739,25.741062
Potholes,60.jpg,..\data\Surface Crack Detection\Potholes\Potholes\60.jpg,2485,1821,1.365,RGB,JPEG,1416.3,False,8e9b13da4cbb4283af1c777f822d91b2,154.34326,14.496046
Potholes,61.jpg,..\data\Surface Crack Detection\Potholes\Potholes\61.jpg,1887,1647,1.146,RGB,JPEG,1225.5,False,6ae257432e4a2c481a53ac5b25ade761,162.48682,12.955078
Potholes,62.jpg,..\data\Surface Crack Detection\Potholes\Potholes\62.jpg,2052,1719,1.194,RGB,JPEG,1398.1,False,68ac7ec037384fbe4b2d5888645d2550,152.53644,16.350939
Potholes,63.jpg,..\data\Surface Crack Detection\Potholes\Potholes\63.jpg,2032,1276,1.592,RGB,JPEG,927.3,False,f708ce03f717bb596c61b24cea25630f,151.8009,11.807814
Potholes,64.jpg,..\data\Surface Crack Detection\Potholes\Potholes\64.jpg,2140,1461,1.465,RGB,JPEG,1215.6,False,9d7bf03613f8c56fa6591d5c40213885,158.23975,19.386444
Potholes,65.jpg,..\data\Surface Crack Detection\Potholes\Potholes\65.jpg,2141,1667,1.284,RGB,JPEG,1520.8,False,385659c5c5ad14614e27739ed37772fa,155.29199,18.02074
Potholes,66.jpg,..\data\Surface Crack Detection\Potholes\Potholes\66.jpg,2150,1833,1.173,RGB,JPEG,1152.7,False,c9a1f5584725cae997bcdff2418aa2b8,154.49054,20.366207
Potholes,67.jpg,..\data\Surface Crack Detection\Potholes\Potholes\67.jpg,1009,534,1.89,RGB,JPEG,135.1,False,c21b577dffb9d1249c9a6ed0b0da95ae,158.96643,13.056708
Potholes,68.jpg,..\data\Surface Crack Detection\Potholes\Potholes\68.jpg,941,826,1.139,RGB,JPEG,260.3,False,e4574e32f2017d8f2156bb70995dba9f,155.2345,16.259712
Potholes,69.jpg,..\data\Surface Crack Detection\Potholes\Potholes\69.jpg,1522,1394,1.092,RGB,JPEG,515.5,False,9f7595c54ce218c362f72e9a8579b7b0,148.27899,17.226078
Potholes,7.jpg,..\data\Surface Crack Detection\Potholes\Potholes\7.jpg,1724,1782,0.967,RGB,JPEG,1005.0,False,0b68d7a6744ac4f6bfd20591389a6a2e,153.81866,23.910732
Potholes,70.jpg,..\data\Surface Crack Detection\Potholes\Potholes\70.jpg,1134,660,1.718,RGB,JPEG,229.2,False,2e276e8a6f541cf6b07a2c80a3e89fd6,162.10284,26.51202
Potholes,71.jpg,..\data\Surface Crack Detection\Potholes\Potholes\71.jpg,1210,607,1.993,RGB,JPEG,200.0,False,f86c456c8830c8c441353e61f5db2fce,149.86462,18.493158
Potholes,72.jpg,..\data\Surface Crack Detection\Potholes\Potholes\72.jpg,1206,931,1.295,RGB,JPEG,298.7,False,c59c5cc677e99a065304380cb42cb4db,160.82965,24.755274
Potholes,73.jpg,..\data\Surface Crack Detection\Potholes\Potholes\73.jpg,393,499,0.788,RGB,JPEG,69.3,False,8408fff386902e97207cb74c171fb680,149.557,14.562954
Potholes,74.jpg,..\data\Surface Crack Detection\Potholes\Potholes\74.jpg,618,324,1.907,RGB,JPEG,66.2,False,6de9f1a1ea65566e0d553427ca977d74,165.906,18.507332
Potholes,75.jpg,..\data\Surface Crack Detection\Potholes\Potholes\75.jpg,311,223,1.395,RGB,JPEG,38.1,False,d90eba4b7dcd4552ff3885c66ba1562f,169.0805,18.259092
Potholes,76.jpg,..\data\Surface Crack Detection\Potholes\Potholes\76.jpg,614,436,1.408,RGB,JPEG,82.8,False,f6b260c2398a2ab1b05876b2f475b8de,160.68268,11.633044
Potholes,77.jpg,..\data\Surface Crack Detection\Potholes\Potholes\77.jpg,520,367,1.417,RGB,JPEG,50.8,False,1aa078e937b3633cbd38c930d85013d5,140.00183,9.611801
Potholes,78.jpg,..\data\Surface Crack Detection\Potholes\Potholes\78.jpg,879,852,1.032,RGB,JPEG,195.0,False,631e702269f5289ff023a776e494f8c1,150.5285,16.244127
Potholes,79.jpg,..\data\Surface Crack Detection\Potholes\Potholes\79.jpg,708,534,1.326,RGB,JPEG,84.2,False,360b5140fe617b1a11f407acf7abc0f0,172.60956,11.712382
Potholes,8.jpg,..\data\Surface Crack Detection\Potholes\Potholes\8.jpg,1897,1310,1.448,RGB,JPEG,1148.0,False,59cc199359d4f4d71046aaecc9dfc732,164.15656,30.005238
Potholes,80.jpg,..\data\Surface Crack Detection\Potholes\Potholes\80.jpg,788,977,0.807,RGB,JPEG,108.4,False,8a41b457b0be136ef383f68c7ecc59de,172.7334,14.332953
Potholes,81.jpg,..\data\Surface Crack Detection\Potholes\Potholes\81.jpg,636,314,2.025,RGB,JPEG,62.7,False,03777e5583de8a78f64957aabd015b9e,119.272156,14.479565
Potholes,82.jpg,..\data\Surface Crack Detection\Potholes\Potholes\82.jpg,585,484,1.209,RGB,JPEG,76.6,False,798a2a99e80c5f3252824f764e60d229,130.33856,13.032376
Potholes,83.jpg,..\data\Surface Crack Detection\Potholes\Potholes\83.jpg,815,481,1.694,RGB,JPEG,86.3,False,be8448f806b074286578783347b9e08e,153.35004,8.458465
Potholes,84.jpg,..\data\Surface Crack Detection\Potholes\Potholes\84.jpg,655,550,1.191,RGB,JPEG,84.6,False,e76c97e710e0ebb5eb6614ce45389eb5,171.16223,12.823454
Potholes,85.jpg,..\data\Surface Crack Detection\Potholes\Potholes\85.jpg,596,514,1.16,RGB,JPEG,80.5,False,405b8c1b2ba6343e4b8f1662ba846c46,113.98248,15.618522
Potholes,86.jpg,..\data\Surface Crack Detection\Potholes\Potholes\86.jpg,1412,959,1.472,RGB,JPEG,351.6,False,d1b58912d0ae5eea65725b6284808762,99.70062,21.489315
Potholes,87.jpg,..\data\Surface Crack Detection\Potholes\Potholes\87.jpg,2971,2047,1.451,RGB,JPEG,2436.8,False,d30ba98fc93ea0fc249e9716eccf282d,94.830505,20.193087
Potholes,89.jpg,..\data\Surface Crack Detection\Potholes\Potholes\89.jpg,492,204,2.412,RGB,JPEG,53.5,False,6e7824e4032b041c4689b7cafb1147c3,150.14307,31.048183
Potholes,9.jpg,..\data\Surface Crack Detection\Potholes\Potholes\9.jpg,2119,1943,1.091,RGB,JPEG,1804.2,False,df45ec7db93d7e3362d32da8739a717f,158.30188,29.68149
Potholes,90.jpg,..\data\Surface Crack Detection\Potholes\Potholes\90.jpg,332,247,1.344,RGB,JPEG,48.9,False,477e9898899fe0deefb1cfa0dda4dab3,158.24878,30.8341
Potholes,91.jpg,..\data\Surface Crack Detection\Potholes\Potholes\91.jpg,787,695,1.132,RGB,JPEG,237.9,False,e9939846ff26f57bc7cd227d67b6e3de,154.98822,25.045424
Potholes,92.jpg,..\data\Surface Crack Detection\Potholes\Potholes\92.jpg,441,370,1.192,RGB,JPEG,82.6,False,4f8b2d0428a61488cd33c8c4c64e3989,170.27692,23.093075
Potholes,93.jpg,..\data\Surface Crack Detection\Potholes\Potholes\93.jpg,519,405,1.281,RGB,JPEG,91.1,False,88f88b4b689020066af5725f84d9730f,168.3056,19.636906
Potholes,94.jpg,..\data\Surface Crack Detection\Potholes\Potholes\94.jpg,883,617,1.431,RGB,JPEG,201.4,False,f3b61915328816f4a6b85313e5b446bb,153.01813,18.799173
Potholes,95.jpg,..\data\Surface Crack Detection\Potholes\Potholes\95.jpg,1770,784,2.258,RGB,JPEG,619.0,False,65b17ceb06799e4598f82614dc53c5bc,161.6026,25.685268
Potholes,96.jpg,..\data\Surface Crack Detection\Potholes\Potholes\96.jpg,430,203,2.118,RGB,JPEG,37.8,False,dc5db16847779368f3cf1a8d4ce83d30,139.71338,12.614402
Potholes,97.jpg,..\data\Surface Crack Detection\Potholes\Potholes\97.jpg,402,271,1.483,RGB,JPEG,47.3,False,0c2a14a7a021a44a2bf4190ca0e0d8b8,132.60742,17.793839
Potholes,98.jpg,..\data\Surface Crack Detection\Potholes\Potholes\98.jpg,283,183,1.546,RGB,JPEG,32.4,False,a77a5274991eb9bd03f5167e5063af6f,176.13391,12.330556
Potholes,99.jpg,..\data\Surface Crack Detection\Potholes\Potholes\99.jpg,366,259,1.413,RGB,JPEG,41.1,False,c2636d498889d9f8d361b69ff16bfe74,169.16278,13.051798
Potholes,_4.jpg,..\data\Surface Crack Detection\Potholes\Potholes\_4.jpg,461,378,1.22,RGB,JPEG,60.7,False,634026342bb1017ee0b21d9bce64b1ec,157.56714,11.257675
Surface_Defects,1.jpg,..\data\Surface Crack Detection\Surface_Defects\Surface Defects\1.jpg,1179,1077,1.095,RGB,JPEG,431.5,False,7241b3f7d7980296a54b44c952616537,166.67792,14.376396
Surface_Defects,10.jpg,..\data\Surface Crack Detection\Surface_Defects\Surface Defects\10.jpg,1006,753,1.336,RGB,JPEG,293.2,False,873358d11b48a0b22af1d866a9cede2b,159.98242,18.580788
Surface_Defects,100.jpg,..\data\Surface Crack Detection\Surface_Defects\Surface Defects\100.jpg,875,1088,0.804,RGB,JPEG,220.5,False,889bbf3da87567423797f33c3c2f0723,170.42908,13.535136
Surface_Defects,102.jpg,..\data\Surface Crack Detection\Surface_Defects\Surface Defects\102.jpg,875,863,1.014,RGB,JPEG,227.3,False,4d72fc6b2e5e4fcbf0ac620816b71baf,155.31378,10.182113
Surface_Defects,103.jpg,..\data\Surface Crack Detection\Surface_Defects\Surface Defects\103.jpg,995,730,1.363,RGB,JPEG,178.3,False,ae37d74751f774e60e2e6056e7683ec3,169.21503,10.702737
Surface_Defects,104.jpg,..\data\Surface Crack Detection\Surface_Defects\Surface Defects\104.jpg,1031,694,1.486,RGB,JPEG,130.6,False,d1d320ce09ba35047ff0b471d66c6a36,126.98468,6.845075
Surface_Defects,105.jpg,..\data\Surface Crack Detection\Surface_Defects\Surface Defects\105.jpg,858,650,1.32,RGB,JPEG,171.0,False,50ab30ebc50ae3df819119758c7578b5,166.09613,14.679818
Surface_Defects,106.jpg,..\data\Surface Crack Detection\Surface_Defects\Surface Defects\106.jpg,858,888,0.966,RGB,JPEG,3087.9,False,108c846cf57b835c5fc6c7517a12f4ad,165.18396,12.301667
Surface_Defects,11.jpg,..\data\Surface Crack Detection\Surface_Defects\Surface Defects\11.jpg,2970,1295,2.293,RGB,JPEG,1799.0,False,7b7cebc1e05515210780992ada1c634a,142.90552,14.949606
Surface_Defects,12.jpg,..\data\Surface Crack Detection\Surface_Defects\Surface Defects\12.jpg,2498,1064,2.348,RGB,JPEG,1246.4,False,0e6c4dcdb1589463e95c64203e3facc3,168.46149,17.993753
Surface_Defects,13.jpg,..\data\Surface Crack Detection\Surface_Defects\Surface Defects\13.jpg,1543,1166,1.323,RGB,JPEG,770.4,False,90f339ccbed8bf257daae0c0ea58277b,141.75372,17.877989
Surface_Defects,14.jpg,..\data\Surface Crack Detection\Surface_Defects\Surface Defects\14.jpg,1233,1192,1.034,RGB,JPEG,714.4,False,3e6cf8071a68d11c18ce8161cfbfc2d1,155.0487,23.569786
Surface_Defects,15.jpg,..\data\Surface Crack Detection\Surface_Defects\Surface Defects\15.jpg,3496,1225,2.854,RGB,JPEG,1753.6,False,d3db6e0ddb620e1f5a388fb7d13bf4da,145.99982,20.95997
Surface_Defects,16.jpg,..\data\Surface Crack Detection\Surface_Defects\Surface Defects\16.jpg,2094,1340,1.563,RGB,JPEG,1214.4,False,1627ec76dc3304a335fe5db4c1c58479,136.26166,18.05745
Surface_Defects,17.jpg,..\data\Surface Crack Detection\Surface_Defects\Surface Defects\17.jpg,1371,803,1.707,RGB,JPEG,415.8,False,4bb6a1d54f81faa3bd71d2cdbfd945ea,142.49335,17.523146
Surface_Defects,18.jpg,..\data\Surface Crack Detection\Surface_Defects\Surface Defects\18.jpg,3673,1594,2.304,RGB,JPEG,2093.9,False,c9700396bb78ba3285a33058ae3b0473,150.90802,12.271596
Surface_Defects,19.jpg,..\data\Surface Crack Detection\Surface_Defects\Surface Defects\19.jpg,2335,1413,1.653,RGB,JPEG,970.2,False,64ae788b390bf14698ef6c5fa43d98c2,147.54773,15.36789
Surface_Defects,2.jpg,..\data\Surface Crack Detection\Surface_Defects\Surface Defects\2.jpg,1709,1368,1.249,RGB,JPEG,1095.7,False,cc306bec2740ef699c0c38930cb5361d,162.15918,15.141757
Surface_Defects,20.jpg,..\data\Surface Crack Detection\Surface_Defects\Surface Defects\20.jpg,2717,1912,1.421,RGB,JPEG,1633.5,False,5abe876a8a8df269a5e188fa59d250a2,145.02826,13.214742
Surface_Defects,21.jpg,..\data\Surface Crack Detection\Surface_Defects\Surface Defects\21.jpg,3182,1708,1.863,RGB,JPEG,1915.0,False,95509db97a46ce32897fe74dcb3836fc,147.13165,12.965354
Surface_Defects,22.jpg,..\data\Surface Crack Detection\Surface_Defects\Surface Defects\22.jpg,2237,1586,1.41,RGB,JPEG,1406.3,False,fc4c8ab92ff1907b2c54090194581b64,149.5155,15.986868
Surface_Defects,23.jpg,..\data\Surface Crack Detection\Surface_Defects\Surface Defects\23.jpg,2542,1279,1.987,RGB,JPEG,1139.1,False,8033a9dbbe7af3e59868abbd8883a675,152.78851,16.48255
Surface_Defects,24.jpg,..\data\Surface Crack Detection\Surface_Defects\Surface Defects\24.jpg,2768,1504,1.84,RGB,JPEG,1718.7,False,2251f0b32ef34e5643d2f0d7db8f9316,147.36475,14.498018
Surface_Defects,25.jpg,..\data\Surface Crack Detection\Surface_Defects\Surface Defects\25.jpg,2413,1582,1.525,RGB,JPEG,1326.0,False,a74b495422a5a706e76c751f3ca38d33,149.76465,17.070026
Surface_Defects,26.jpg,..\data\Surface Crack Detection\Surface_Defects\Surface Defects\26.jpg,1942,1157,1.678,RGB,JPEG,631.5,False,e6c72b2fe0706231a3a6d1877ecd61fd,147.44183,16.476568
Surface_Defects,27.jpg,..\data\Surface Crack Detection\Surface_Defects\Surface Defects\27.jpg,2759,1402,1.968,RGB,JPEG,1525.7,False,46c74ff4fd8b1a8bb5df10237eab7aa0,144.52972,15.272943
Surface_Defects,28.jpg,..\data\Surface Crack Detection\Surface_Defects\Surface Defects\28.jpg,2451,1677,1.462,RGB,JPEG,1634.6,False,9a8bb2d44a592b62bf9de886b6e946c9,150.03485,15.593944
Surface_Defects,29.jpg,..\data\Surface Crack Detection\Surface_Defects\Surface Defects\29.jpg,2250,1735,1.297,RGB,JPEG,1152.8,False,47d73627ed0f184e2c15c6d318400cb8,148.38068,14.4836645
Surface_Defects,3.jpg,..\data\Surface Crack Detection\Surface_Defects\Surface Defects\3.jpg,2203,1114,1.978,RGB,JPEG,621.3,False,8140529df48d6d27ca7b974abaf02160,171.22614,13.683046
Surface_Defects,30.jpg,..\data\Surface Crack Detection\Surface_Defects\Surface Defects\30.jpg,2047,2336,0.876,RGB,JPEG,1752.8,False,cb0ff17c9f0d1672f145fd28cb6060eb,147.2691,11.641339
Surface_Defects,31.jpg,..\data\Surface Crack Detection\Surface_Defects\Surface Defects\31.jpg,2339,1730,1.352,RGB,JPEG,1867.2,False,d9addbf61202c0e8f7401f51496e4a3c,146.34534,14.833911
Surface_Defects,32.jpg,..\data\Surface Crack Detection\Surface_Defects\Surface Defects\32.jpg,2347,2323,1.01,RGB,JPEG,2073.9,False,df436d508a454f1623f8f7e7069287a6,152.66254,18.442427
Surface_Defects,33.jpg,..\data\Surface Crack Detection\Surface_Defects\Surface Defects\33.jpg,2157,1615,1.336,RGB,JPEG,1555.4,False,93205eba9f6f1b22872aa9af558356c9,142.53455,15.822503
Surface_Defects,34.jpg,..\data\Surface Crack Detection\Surface_Defects\Surface Defects\34.jpg,1945,1615,1.204,RGB,JPEG,1436.2,False,10f25ace8cac216fd200ed6dcbc4f15d,158.67029,17.900679
Surface_Defects,35.jpg,..\data\Surface Crack Detection\Surface_Defects\Surface Defects\35.jpg,1953,1628,1.2,RGB,JPEG,1480.3,False,91f8433bcffdae4d6e0e60983c4c7e17,146.47546,13.9269285
Surface_Defects,37.jpg,..\data\Surface Crack Detection\Surface_Defects\Surface Defects\37.jpg,2169,2856,0.759,RGB,JPEG,1987.8,False,014f54b25a9808632dcef8d1e552c8c0,153.27454,11.55538
Surface_Defects,38.jpg,..\data\Surface Crack Detection\Surface_Defects\Surface Defects\38.jpg,2141,2086,1.026,RGB,JPEG,1402.3,False,9bd690999defea6f108e03e690a39c99,152.73651,13.788382
Surface_Defects,39.jpg,..\data\Surface Crack Detection\Surface_Defects\Surface Defects\39.jpg,1894,1637,1.157,RGB,JPEG,723.9,False,3a953121fec818139bfecc5ec735bd0a,154.81055,13.9241905
Surface_Defects,4.jpg,..\data\Surface Crack Detection\Surface_Defects\Surface Defects\4.jpg,3148,1480,2.127,RGB,JPEG,1703.4,False,30039962c17b0803209c599c6a78dd69,160.21222,14.614368
Surface_Defects,40.jpg,..\data\Surface Crack Detection\Surface_Defects\Surface Defects\40.jpg,1469,1941,0.757,RGB,JPEG,848.1,False,bbf0307ce95c93dcddcbc61fd179db87,175.5943,16.16707
Surface_Defects,41.jpg,..\data\Surface Crack Detection\Surface_Defects\Surface Defects\41.jpg,1995,2310,0.864,RGB,JPEG,1302.0,False,551f6bd5e18f8852083db007f9a16781,155.18317,17.446524
Surface_Defects,42.jpg,..\data\Surface Crack Detection\Surface_Defects\Surface Defects\42.jpg,2419,1560,1.551,RGB,JPEG,1261.7,False,6ddb446c3c387fdb93fc01c7e95b742c,156.12585,11.632786
Surface_Defects,43.jpg,..\data\Surface Crack Detection\Surface_Defects\Surface Defects\43.jpg,3829,2098,1.825,RGB,JPEG,2747.1,False,c609cab8b2bedf76c4988e042962feb7,167.64264,15.412387
Surface_Defects,44.jpg,..\data\Surface Crack Detection\Surface_Defects\Surface Defects\44.jpg,2458,2133,1.152,RGB,JPEG,1732.2,False,d82be833c256edf84d8ecf4858c9bb00,158.34314,10.908374
Surface_Defects,45.jpg,..\data\Surface Crack Detection\Surface_Defects\Surface Defects\45.jpg,1692,1111,1.523,RGB,JPEG,833.8,False,8a4599efc5b7e5a325d65af0c10b4725,155.23218,11.985274
Surface_Defects,46.jpg,..\data\Surface Crack Detection\Surface_Defects\Surface Defects\46.jpg,1402,1467,0.956,RGB,JPEG,505.9,False,bcc9e1bf8f38893abe950bec52091631,151.71088,9.501033
Surface_Defects,47.jpg,..\data\Surface Crack Detection\Surface_Defects\Surface Defects\47.jpg,1450,1135,1.278,RGB,JPEG,498.2,False,12a60b30f52154771e926e34606fe82f,159.73926,10.721363
Surface_Defects,48.jpg,..\data\Surface Crack Detection\Surface_Defects\Surface Defects\48.jpg,1957,994,1.969,RGB,JPEG,658.1,False,ff09ff1c1ac25e2ae7db783dd475ce22,167.21057,12.847987
Surface_Defects,49.jpg,..\data\Surface Crack Detection\Surface_Defects\Surface Defects\49.jpg,1812,1016,1.783,RGB,JPEG,652.2,False,f0922961dc75152de4153bd25cfee743,163.28784,10.321801
Surface_Defects,5.jpg,..\data\Surface Crack Detection\Surface_Defects\Surface Defects\5.jpg,2207,1681,1.313,RGB,JPEG,1702.4,False,a85b31902a66aff8c4bdbcbf224992e7,158.30994,11.053398
Surface_Defects,50.jpg,..\data\Surface Crack Detection\Surface_Defects\Surface Defects\50.jpg,2090,1378,1.517,RGB,JPEG,1144.0,False,c699968be637d1c3c5ca9620c0d4566f,165.10144,10.376922
Surface_Defects,51.jpg,..\data\Surface Crack Detection\Surface_Defects\Surface Defects\51.jpg,2339,1802,1.298,RGB,JPEG,1398.1,False,b87f74b1344f305d74032205578efbe5,163.76697,10.117071
Surface_Defects,52.jpg,..\data\Surface Crack Detection\Surface_Defects\Surface Defects\52.jpg,2263,1586,1.427,RGB,JPEG,1174.7,False,df3522114a31887e2bf26f65423679cb,173.38892,10.894899
Surface_Defects,53.jpg,..\data\Surface Crack Detection\Surface_Defects\Surface Defects\53.jpg,1453,1126,1.29,RGB,JPEG,629.8,False,623e16aa5e11916fb37663bf4f90447c,164.19244,12.349954
Surface_Defects,58.jpg,..\data\Surface Crack Detection\Surface_Defects\Surface Defects\58.jpg,2093,1205,1.737,RGB,JPEG,803.5,False,61ed7e838cfb33b180608825d3beb3e0,165.2956,11.458473
Surface_Defects,59.jpg,..\data\Surface Crack Detection\Surface_Defects\Surface Defects\59.jpg,1396,964,1.448,RGB,JPEG,550.3,False,926d3c6b6f96b40ad1948d985446c1b4,166.07574,13.721328
Surface_Defects,6.jpg,..\data\Surface Crack Detection\Surface_Defects\Surface Defects\6.jpg,2154,2039,1.056,RGB,JPEG,1696.6,False,1fbde4222476ec084aeb334fd81ea9f7,135.76508,12.173356
Surface_Defects,60.jpg,..\data\Surface Crack Detection\Surface_Defects\Surface Defects\60.jpg,1890,1031,1.833,RGB,JPEG,790.4,False,d77778e88e2b175cf5451d3ba3ce9afe,167.66705,11.80103
Surface_Defects,61.jpg,..\data\Surface Crack Detection\Surface_Defects\Surface Defects\61.jpg,2388,2029,1.177,RGB,JPEG,1770.8,False,45d11fc8ec0cb15a735e394b435ec56c,165.58722,10.653917
Surface_Defects,62.jpg,..\data\Surface Crack Detection\Surface_Defects\Surface Defects\62.jpg,2001,1595,1.255,RGB,JPEG,1098.5,False,23b28f1c4e444fe439ad4b0ea336a4fe,163.35358,10.120697
Surface_Defects,63.jpg,..\data\Surface Crack Detection\Surface_Defects\Surface Defects\63.jpg,2362,1923,1.228,RGB,JPEG,1479.5,False,1e842252b8baec7579d27fbd76ea9df8,173.69104,10.20401
Surface_Defects,64.jpg,..\data\Surface Crack Detection\Surface_Defects\Surface Defects\64.jpg,1590,1270,1.252,RGB,JPEG,778.9,False,e89225fc265711b66394d5506f2ec892,168.65631,19.250362
Surface_Defects,65.jpg,..\data\Surface Crack Detection\Surface_Defects\Surface Defects\65.jpg,1851,1424,1.3,RGB,JPEG,1182.2,False,75f66d2ce51d8278a7cf174532c78d5f,167.2171,17.679823
Surface_Defects,66.jpg,..\data\Surface Crack Detection\Surface_Defects\Surface Defects\66.jpg,2014,1575,1.279,RGB,JPEG,1535.3,False,1868d4be1dc859c1246c0f1d61c946f0,159.71252,15.361179
Surface_Defects,67.jpg,..\data\Surface Crack Detection\Surface_Defects\Surface Defects\67.jpg,2175,1318,1.65,RGB,JPEG,1278.4,False,8303ab7edb140c81388b8f994b3d8827,161.93872,16.765976
Surface_Defects,68.jpg,..\data\Surface Crack Detection\Surface_Defects\Surface Defects\68.jpg,2351,901,2.609,RGB,JPEG,837.2,False,2de8edc69f74a190dde631655281cf79,154.53778,11.262543
Surface_Defects,69.jpg,..\data\Surface Crack Detection\Surface_Defects\Surface Defects\69.jpg,1685,1375,1.225,RGB,JPEG,961.9,False,4aa586b970598d3d15f0278898a86cda,165.67877,17.741877
Surface_Defects,7.jpg,..\data\Surface Crack Detection\Surface_Defects\Surface Defects\7.jpg,2878,1919,1.5,RGB,JPEG,2324.5,False,b62efac9ac6de67b3ce0d84d9a9c1c0e,148.73462,11.820196
Surface_Defects,70.jpg,..\data\Surface Crack Detection\Surface_Defects\Surface Defects\70.jpg,2279,1077,2.116,RGB,JPEG,653.6,False,968b3522a528e537d95bf3ae61c96c1e,164.7962,11.194591
Surface_Defects,71.jpg,..\data\Surface Crack Detection\Surface_Defects\Surface Defects\71.jpg,1285,1285,1.0,RGB,JPEG,484.8,False,ec451412e923f191a9bc138fef4f73f8,162.2522,12.239253
Surface_Defects,72.jpg,..\data\Surface Crack Detection\Surface_Defects\Surface Defects\72.jpg,2108,1801,1.17,RGB,JPEG,1335.5,False,07b5d59d0700b4d79a88a8df26436930,158.18384,11.236375
Surface_Defects,73.jpg,..\data\Surface Crack Detection\Surface_Defects\Surface Defects\73.jpg,1511,1394,1.084,RGB,JPEG,874.8,False,26538f42d409ffc2db3b93ae255a3225,153.87677,15.664567
Surface_Defects,74.jpg,..\data\Surface Crack Detection\Surface_Defects\Surface Defects\74.jpg,2359,1224,1.927,RGB,JPEG,1334.3,False,6b8c194e296c29a20a7ca80170b6782d,159.14453,12.903356
Surface_Defects,75.jpg,..\data\Surface Crack Detection\Surface_Defects\Surface Defects\75.jpg,1829,1456,1.256,RGB,JPEG,1184.8,False,5e14899d80ec1b97a0ead79f2527f3ed,171.05762,12.473031
Surface_Defects,76.jpg,..\data\Surface Crack Detection\Surface_Defects\Surface Defects\76.jpg,2420,2086,1.16,RGB,JPEG,1805.0,False,c9e4ef3b0486e9560475ffe010b2bff6,170.3258,9.157387
Surface_Defects,77.jpg,..\data\Surface Crack Detection\Surface_Defects\Surface Defects\77.jpg,1781,1330,1.339,RGB,JPEG,1060.5,False,15b78bc78b3d729941b6a3ac501ff4ca,163.724,12.767456
Surface_Defects,78.jpg,..\data\Surface Crack Detection\Surface_Defects\Surface Defects\78.jpg,1815,1691,1.073,RGB,JPEG,1430.6,False,c8830c0f50e2a6da80095ba39277a1d3,164.31024,12.521554
Surface_Defects,79.jpg,..\data\Surface Crack Detection\Surface_Defects\Surface Defects\79.jpg,2180,2020,1.079,RGB,JPEG,2014.4,False,4817478f03418e962bb6b258d3c6f9bd,162.81989,10.669861
Surface_Defects,8.jpg,..\data\Surface Crack Detection\Surface_Defects\Surface Defects\8.jpg,2516,2980,0.844,RGB,JPEG,2283.5,False,6e6092732f8d20f50c81a5e181fb9919,152.13849,11.403047
Surface_Defects,80.jpg,..\data\Surface Crack Detection\Surface_Defects\Surface Defects\80.jpg,2502,1825,1.371,RGB,JPEG,1655.9,False,3cc691477c196e484f637c0ee8cc276b,161.70148,9.862788
Surface_Defects,81.jpg,..\data\Surface Crack Detection\Surface_Defects\Surface Defects\81.jpg,2080,2119,0.982,RGB,JPEG,1855.7,False,8f8a1d8187d3027ff59c628db015c45d,163.169,10.41231
Surface_Defects,82.jpg,..\data\Surface Crack Detection\Surface_Defects\Surface Defects\82.jpg,1471,1547,0.951,RGB,JPEG,1010.0,False,f45a645a089d91bffb914666ae7e0a83,168.6062,10.937319
Surface_Defects,83.jpg,..\data\Surface Crack Detection\Surface_Defects\Surface Defects\83.jpg,1420,1449,0.98,RGB,JPEG,899.9,False,c1236bd1487728eb93997186ab9dad77,172.36572,13.184734
Surface_Defects,84.jpg,..\data\Surface Crack Detection\Surface_Defects\Surface Defects\84.jpg,1772,1505,1.177,RGB,JPEG,817.4,False,9e9bad27318ef01534067ac50b7bfb97,146.51343,7.908701
Surface_Defects,85.jpg,..\data\Surface Crack Detection\Surface_Defects\Surface Defects\85.jpg,1799,2053,0.876,RGB,JPEG,1539.0,False,ebd2c8816857b58211efbde9750fba44,173.72498,10.136799
Surface_Defects,86.jpg,..\data\Surface Crack Detection\Surface_Defects\Surface Defects\86.jpg,2039,1730,1.179,RGB,JPEG,1607.6,False,b17526912002e0b995d3fc4d079c2ca1,160.6015,14.658925
Surface_Defects,87.jpg,..\data\Surface Crack Detection\Surface_Defects\Surface Defects\87.jpg,2419,1911,1.266,RGB,JPEG,1859.6,False,a2c619171293ad705e391c8e100d8c7c,164.97198,13.581347
Surface_Defects,88.jpg,..\data\Surface Crack Detection\Surface_Defects\Surface Defects\88.jpg,1975,1841,1.073,RGB,JPEG,1485.6,False,c224981e19393252f77dab81461dae3e,149.5097,13.245247
Surface_Defects,89.jpg,..\data\Surface Crack Detection\Surface_Defects\Surface Defects\89.jpg,2365,1779,1.329,RGB,JPEG,1811.4,False,154e46d9809840d5b73663e93b795dbf,147.32764,10.47432
Surface_Defects,9.jpg,..\data\Surface Crack Detection\Surface_Defects\Surface Defects\9.jpg,2601,2893,0.899,RGB,JPEG,3052.9,False,dfe2cbcad9fb443bb504b9d13f0747e1,150.32928,15.971258
Surface_Defects,90.jpg,..\data\Surface Crack Detection\Surface_Defects\Surface Defects\90.jpg,2085,1557,1.339,RGB,JPEG,1463.6,False,6a356b4e6544e152c9033ddd1915ff02,154.75519,11.207409
Surface_Defects,91.jpg,..\data\Surface Crack Detection\Surface_Defects\Surface Defects\91.jpg,2112,2151,0.982,RGB,JPEG,1737.1,False,0e7c3cb363354fbf3b3e760971f1ffac,149.69824,13.114138
Surface_Defects,92.jpg,..\data\Surface Crack Detection\Surface_Defects\Surface Defects\92.jpg,1888,1392,1.356,RGB,JPEG,625.4,False,ef5ec024e1fac124fbe23e582a93dde9,166.0545,8.258077
Surface_Defects,93.jpg,..\data\Surface Crack Detection\Surface_Defects\Surface Defects\93.jpg,1242,1139,1.09,RGB,JPEG,410.2,False,440acc3918c205fa5ee040f9908b3f8e,169.78754,10.29391
Surface_Defects,94.jpg,..\data\Surface Crack Detection\Surface_Defects\Surface Defects\94.jpg,1855,1169,1.587,RGB,JPEG,601.4,False,d9ebf9324cc03d4a8859ead7faf66be8,137.28503,10.082367
Surface_Defects,95.jpg,..\data\Surface Crack Detection\Surface_Defects\Surface Defects\95.jpg,1603,1173,1.367,RGB,JPEG,607.4,False,d6d0d003b65157da82fb372930c43ca0,141.42206,12.561685
Surface_Defects,96.jpg,..\data\Surface Crack Detection\Surface_Defects\Surface Defects\96.jpg,1572,1226,1.282,RGB,JPEG,438.4,False,7de142adc27c5cd7c0a01c1976c064dc,146.16608,14.50825
Surface_Defects,97.jpg,..\data\Surface Crack Detection\Surface_Defects\Surface Defects\97.jpg,560,383,1.462,RGB,JPEG,85.9,False,fc4f15c86334582cad2d4d2c3e756c2c,164.27429,14.867729
Surface_Defects,98.jpg,..\data\Surface Crack Detection\Surface_Defects\Surface Defects\98.jpg,1124,574,1.958,RGB,JPEG,177.2,False,862f24acdf3ced0e9e3fb974d36d5bee,164.61688,12.790473
Surface_Defects,99.jpg,..\data\Surface Crack Detection\Surface_Defects\Surface Defects\99.jpg,849,607,1.399,RGB,JPEG,139.3,False,a055a5d94284692c6b62a2f0bb99740a,166.94159,10.522701
